build_id,repo_name,program,project,full_repo,branch,year_month,covered_percent,coverage_change,covered_lines,missed_lines,total_lines,commit_sha,commit_message,calculated_at,url,collected_at
79346078,crdc-datahub-ui,CRDC,Submission Portal,CBIIT/crdc-datahub-ui,CRDCDH-3620,2026-05-01T04:00:00Z,0.8476,0.0005,35950,6923,42873,74fafff7bc490166237161fc6787d6d7681a9bf6,Merge 5318b9a45d7410c2204a5c4eddc72097432dc1e5 into f982d364f35da6cb191171d92aa18fba58cec574,2026-05-08T13:32:53Z,https://github.com/CBIIT/crdc-datahub-ui/actions/runs/25558068098,2026-05-08T15:25:50Z
79181617,crdc-datahub-ui,CRDC,Submission Portal,CBIIT/crdc-datahub-ui,3.6.0,2026-04-01T04:00:00Z,0.8471,0.0159,35871,6952,42823,62602e6d099f846293c6b976a10e31e1fd77c19c,"Merge pull request #988 from CBIIT/CRDCDH-3719

CRDCDH-3719 [Bug]: Remove status field when creating study",2026-04-29T20:26:44Z,https://github.com/CBIIT/crdc-datahub-ui/actions/runs/25131712780,2026-05-08T15:25:50Z
78555065,crdc-datahub-ui,CRDC,Submission Portal,CBIIT/crdc-datahub-ui,CRDCDH-3571,2026-03-01T05:00:00Z,0.8312,0.0287,34909,7720,42629,42dbd7b2eb16c1169f73e2d46a7a0b0a708339e8,Merge ca1ad62fab3fac7290b231af0effd01302bc71b3 into db21440be6c7ebf59b80fa2edf90b1188b677969,2026-03-31T14:48:37Z,https://github.com/CBIIT/crdc-datahub-ui/actions/runs/23803210399,2026-05-08T15:25:50Z
77955160,crdc-datahub-ui,CRDC,Submission Portal,CBIIT/crdc-datahub-ui,CRDCDH-3398,2026-02-01T05:00:00Z,0.8025,0.0093,32987,8984,41971,8dec0b403ce7229525d1b5566532fb0d0ada3cc0,Merge e6d3434db0c7ee2f242f653003538b9c3ef4d4e3 into 5a950aba00024cccf66fa1f9018f1a6002d6448c,2026-02-23T19:56:31Z,https://github.com/CBIIT/crdc-datahub-ui/actions/runs/22322211246,2026-05-08T15:25:50Z
77556393,crdc-datahub-ui,CRDC,Submission Portal,CBIIT/crdc-datahub-ui,3.6.0,2026-01-01T05:00:00Z,0.7932,,31051,8947,39998,2f66e62453e930f74e19c85ef397565e12a0a9ee,"Merge pull request #944 from CBIIT/CRDCDH-3442-fix

CRDCDH-3442 Fix clear button overlapping nav dropdown",2026-01-29T16:19:53Z,https://github.com/CBIIT/crdc-datahub-ui/actions/runs/21485675788,2026-05-08T15:25:50Z
79333563,crdc-datahub-backend,CRDC,Submission Portal,CBIIT/crdc-datahub-backend,3.6.0,2026-05-01T04:00:00Z,0.4795,0.0077,4345,2487,6832,aabcda7f68f9167c04cdd3cbde5d3325db01f469,"Merge pull request #1205 from CBIIT/3738-email-missing-study-info

3738: Include study in email when NA",2026-05-07T21:17:01Z,https://github.com/CBIIT/crdc-datahub-backend/actions/runs/25522536030,2026-05-08T15:25:50Z
79204256,crdc-datahub-backend,CRDC,Submission Portal,CBIIT/crdc-datahub-backend,3.6.0,2026-04-01T04:00:00Z,0.4718,0.0417,4263,2550,6813,7bf0ee02af2116496b970bec0a39d98ca9624db4,"Merge pull request #1198 from CBIIT/3703-fix-email-study-abbreviation-default

3737: Updates after testing",2026-04-30T19:38:40Z,https://github.com/CBIIT/crdc-datahub-backend/actions/runs/25185528832,2026-05-08T15:25:50Z
78563367,crdc-datahub-backend,CRDC,Submission Portal,CBIIT/crdc-datahub-backend,3640-deidentification-condition-checks,2026-03-01T05:00:00Z,0.4301,0.0077,3791,2784,6575,3498e7e2db3886f18b76db30f146c9b27856b27b,Merge 59e6d280a2a0e6623d9829a5a9e1fe5215066551 into 6796627f56919cf04c901a1e8b4f505c1407d7da,2026-03-31T20:49:03Z,https://github.com/CBIIT/crdc-datahub-backend/actions/runs/23818684481,2026-05-08T15:25:50Z
77975868,crdc-datahub-backend,CRDC,Submission Portal,CBIIT/crdc-datahub-backend,3483,2026-02-01T05:00:00Z,0.4224,0.0209,3681,2785,6466,779114015c8c0536c90d09e8b0b8ed8e3e8f74e4,Merge 780b7d47381adf70bcbb2ef5055e7ac779208ce8 into 2cd74d2969eb4fd0274b9e34e8ddda364387fe30,2026-02-24T18:46:39Z,https://github.com/CBIIT/crdc-datahub-backend/actions/runs/22365153528,2026-05-08T15:25:50Z
77573987,crdc-datahub-backend,CRDC,Submission Portal,CBIIT/crdc-datahub-backend,3.6.0,2026-01-01T05:00:00Z,0.4015,,3417,2830,6247,dbf65e97c0481ca8329c7b0ea2a1f806b1acfa80,Coveralls Integration,2026-01-30T14:27:26Z,https://github.com/CBIIT/crdc-datahub-backend/actions/runs/21519141592,2026-05-08T15:25:50Z
79302869,crdc-datahub-authn,CRDC,Submission Portal,CBIIT/crdc-datahub-authn,3.3.2,2026-05-01T04:00:00Z,0.5149,0.0,178,145,323,83936af8ff84308ed8c9603865dfa40ea9a32667,"Merge pull request #40 from CBIIT/vulnerability-patching

Vulnerability Mitigation",2026-05-06T15:49:14Z,https://github.com/CBIIT/crdc-datahub-authn/actions/runs/25445834604,2026-05-08T15:25:50Z
77578166,crdc-datahub-authn,CRDC,Submission Portal,CBIIT/crdc-datahub-authn,3.3.2,2026-04-01T04:00:00Z,0.5149,0.0,178,145,323,6b19f96c5574890e99e659abfdaeefab77135e8c,Update Coveralls workflow,2026-05-01T03:59:59Z,https://github.com/CBIIT/crdc-datahub-authn/actions/runs/21525444980,2026-05-08T15:25:50Z
77578166,crdc-datahub-authn,CRDC,Submission Portal,CBIIT/crdc-datahub-authn,3.3.2,2026-03-01T05:00:00Z,0.5149,0.0,178,145,323,6b19f96c5574890e99e659abfdaeefab77135e8c,Update Coveralls workflow,2026-04-01T03:59:59Z,https://github.com/CBIIT/crdc-datahub-authn/actions/runs/21525444980,2026-05-08T15:25:50Z
77578166,crdc-datahub-authn,CRDC,Submission Portal,CBIIT/crdc-datahub-authn,3.3.2,2026-02-01T05:00:00Z,0.5149,0.0,178,145,323,6b19f96c5574890e99e659abfdaeefab77135e8c,Update Coveralls workflow,2026-03-01T04:59:59Z,https://github.com/CBIIT/crdc-datahub-authn/actions/runs/21525444980,2026-05-08T15:25:50Z
77578166,crdc-datahub-authn,CRDC,Submission Portal,CBIIT/crdc-datahub-authn,3.3.2,2026-01-01T05:00:00Z,0.5149,,178,145,323,6b19f96c5574890e99e659abfdaeefab77135e8c,Update Coveralls workflow,2026-01-30T17:56:33Z,https://github.com/CBIIT/crdc-datahub-authn/actions/runs/21525444980,2026-05-08T15:25:50Z
79324888,crdc-datahub-validator,CRDC,Submission Portal,CBIIT/crdc-datahub-validator,3.6.0,2026-05-01T04:00:00Z,0.4484,0.0,6910,8502,15412,43744c6c15ac02ed9a26b1c6b580fa79ef359105,"Merge pull request #343 from CBIIT/base-image-update

Update Python base image to 3.14.4-alpine3.23",2026-05-07T14:22:30Z,https://github.com/CBIIT/crdc-datahub-validator/actions/runs/25501728313,2026-05-08T15:25:50Z
79158626,crdc-datahub-validator,CRDC,Submission Portal,CBIIT/crdc-datahub-validator,3.6.0,2026-04-01T04:00:00Z,0.4484,0.0009,6910,8502,15412,55456c8072edbac2f41a6b761090e28204afa44a,"Merge pull request #342 from CBIIT/fix-unittest

Removed outdated unit tests.",2026-04-28T21:31:46Z,https://github.com/CBIIT/crdc-datahub-validator/actions/runs/25078748827,2026-05-08T15:25:50Z
78534209,crdc-datahub-validator,CRDC,Submission Portal,CBIIT/crdc-datahub-validator,CRDCDH-3642,2026-03-01T05:00:00Z,0.4475,0.1382,6880,8494,15374,73f30c5af5cd76a03feb8df0c98915d0541c74cf,Merge 5620de8bf9b0cb8d94f233788f7f834d09dc7134 into 9fa27ce0b2f31740a459892a129b804468114e96,2026-03-30T17:20:12Z,https://github.com/CBIIT/crdc-datahub-validator/actions/runs/23757928566,2026-05-08T15:25:50Z
77976144,crdc-datahub-validator,CRDC,Submission Portal,CBIIT/crdc-datahub-validator,3482-batched-validation,2026-02-01T05:00:00Z,0.3093,0.0865,4082,9114,13196,93982f0bad7ad6f0874354a9bf013953c7839d0d,Merge 61260bbd50af35aab89e9160893df7021368e73d into 4c4a508b6d3b6620b20a791256c0e1bbdaeab5ee,2026-02-24T19:00:49Z,https://github.com/CBIIT/crdc-datahub-validator/actions/runs/22365661697,2026-05-08T15:25:50Z
77578303,crdc-datahub-validator,CRDC,Submission Portal,CBIIT/crdc-datahub-validator,3.6.0,2026-01-01T05:00:00Z,0.2228,,2612,9110,11722,b4cc7979566bbe5e345e78341b8fa87c7710a84f,Coveralls integration,2026-01-30T18:05:20Z,https://github.com/CBIIT/crdc-datahub-validator/actions/runs/21525680923,2026-05-08T15:25:50Z
79326932,crdc-datahub-cli-uploader,CRDC,Submission Portal,CBIIT/crdc-datahub-cli-uploader,4.3.1,2026-05-01T04:00:00Z,0.3692,0.0379,827,1413,2240,3ca69c36606da1923d464009c0f19f74871d81f7,"Merge pull request #122 from CBIIT/CRDCDH-3486

Fixed 3486",2026-05-07T15:46:46Z,https://github.com/CBIIT/crdc-datahub-cli-uploader/actions/runs/25506428848,2026-05-08T15:25:50Z
79180261,crdc-datahub-cli-uploader,CRDC,Submission Portal,CBIIT/crdc-datahub-cli-uploader,4.3.1,2026-04-01T04:00:00Z,0.3313,0.0,720,1453,2173,71b759d50f137fbd7a9cc5b4ea5b5b821102d09e,Coveralls Integration,2026-04-29T19:18:39Z,https://github.com/CBIIT/crdc-datahub-cli-uploader/actions/runs/25128942640,2026-05-08T15:25:50Z
77579913,crdc-datahub-cli-uploader,CRDC,Submission Portal,CBIIT/crdc-datahub-cli-uploader,4.4.0,2026-03-01T05:00:00Z,0.3313,0.0,720,1453,2173,71b759d50f137fbd7a9cc5b4ea5b5b821102d09e,Coveralls Integration,2026-04-01T03:59:59Z,https://github.com/CBIIT/crdc-datahub-cli-uploader/actions/runs/21529173350,2026-05-08T15:25:50Z
77579913,crdc-datahub-cli-uploader,CRDC,Submission Portal,CBIIT/crdc-datahub-cli-uploader,4.4.0,2026-02-01T05:00:00Z,0.3313,0.0,720,1453,2173,71b759d50f137fbd7a9cc5b4ea5b5b821102d09e,Coveralls Integration,2026-03-01T04:59:59Z,https://github.com/CBIIT/crdc-datahub-cli-uploader/actions/runs/21529173350,2026-05-08T15:25:50Z
77579913,crdc-datahub-cli-uploader,CRDC,Submission Portal,CBIIT/crdc-datahub-cli-uploader,4.4.0,2026-01-01T05:00:00Z,0.3313,,720,1453,2173,71b759d50f137fbd7a9cc5b4ea5b5b821102d09e,Coveralls Integration,2026-01-30T20:11:19Z,https://github.com/CBIIT/crdc-datahub-cli-uploader/actions/runs/21529173350,2026-05-08T15:25:50Z
78350039,crdc-datahub-chatbot-backend,CRDC,Submission Portal,CBIIT/crdc-datahub-chatbot-backend,3.6.0,2026-05-01T04:00:00Z,1.0,0.0,36,0,36,40e4531bc4ad67adbb1c63d5633aec8d4373756c,"Merge pull request #16 from CBIIT/fix-guardrails-trace-logging

fix: Not properly logging guardrails intervention",2026-05-08T15:25:36Z,https://github.com/CBIIT/crdc-datahub-chatbot-backend/actions/runs/23316910364,2026-05-08T15:25:50Z
78350039,crdc-datahub-chatbot-backend,CRDC,Submission Portal,CBIIT/crdc-datahub-chatbot-backend,3.6.0,2026-04-01T04:00:00Z,1.0,0.0,36,0,36,40e4531bc4ad67adbb1c63d5633aec8d4373756c,"Merge pull request #16 from CBIIT/fix-guardrails-trace-logging

fix: Not properly logging guardrails intervention",2026-05-01T03:59:59Z,https://github.com/CBIIT/crdc-datahub-chatbot-backend/actions/runs/23316910364,2026-05-08T15:25:50Z
78350039,crdc-datahub-chatbot-backend,CRDC,Submission Portal,CBIIT/crdc-datahub-chatbot-backend,3.6.0,2026-03-01T05:00:00Z,1.0,0.0,36,0,36,40e4531bc4ad67adbb1c63d5633aec8d4373756c,"Merge pull request #16 from CBIIT/fix-guardrails-trace-logging

fix: Not properly logging guardrails intervention",2026-03-19T21:06:05Z,https://github.com/CBIIT/crdc-datahub-chatbot-backend/actions/runs/23316910364,2026-05-08T15:25:50Z
77974730,crdc-datahub-chatbot-backend,CRDC,Submission Portal,CBIIT/crdc-datahub-chatbot-backend,CRDCDH-3520,2026-02-01T05:00:00Z,1.0,,20,0,20,ecf29f1ff2972eda0ce47a08830ca7c194f5c754,Merge a67075b64df7655c009d51bf9d45fa411b271ce3 into 81609e21d3ce02014daf69d24889fb3c00f31197,2026-02-24T17:48:47Z,https://github.com/CBIIT/crdc-datahub-chatbot-backend/actions/runs/22363076918,2026-05-08T15:25:50Z
79301425,general-commons,CRDC,General Commons,CBIIT/general-commons,4.7.2,2026-05-01T04:00:00Z,0.0046,-0.0173,18,3691,3709,92728c591ad9b4fbb68645583ec72fe5228f8012,"Merge pull request #47 from CBIIT/frontend-vuln-fix

CDS-1582 CDS-1583 Resolve Frontend Vulnerabilities",2026-05-06T14:45:50Z,https://github.com/CBIIT/general-commons/actions/runs/25442412820,2026-05-08T15:25:50Z
79177473,general-commons,CRDC,General Commons,CBIIT/general-commons,1571-vulnerability,2026-04-01T04:00:00Z,0.0219,0.0173,127,5847,5974,dd28a6fd7d4f06c181fcf286f4f784ee91961ddf,Merge 4355a90fb587549c7765ce4cf139237bb9917360 into 136fdf6aaa058156bcd752fd16f0463ede0d642f,2026-04-29T17:07:11Z,https://github.com/CBIIT/general-commons/actions/runs/25122804672,2026-05-08T15:25:50Z
78531208,general-commons,CRDC,General Commons,CBIIT/general-commons,4.8.0,2026-03-01T05:00:00Z,0.0046,-0.0411,18,3689,3707,ecd8666c460c1c964ce581ffbf0539be284f2112,"Merge pull request #39 from CBIIT/frontend/CDS-1392

CDS-1392 [Bug]: Add alert warning for max file limit to study detail table",2026-03-30T15:16:46Z,https://github.com/CBIIT/general-commons/actions/runs/23752290090,2026-05-08T15:25:50Z
77984209,general-commons,CRDC,General Commons,CBIIT/general-commons,CDS-1456,2026-02-01T05:00:00Z,0.0457,0.001,269,5828,6097,1d6c58ed8e43938ae907d13ae8b5011c1412714a,Merge 7d126c57a3f2f99cf704744356a2fb72e3b1203a into 6195d698b200be02047281596ba049857c32bc3b,2026-02-27T21:19:19Z,https://github.com/CBIIT/general-commons/actions/runs/22504166673,2026-05-08T15:25:50Z
77580102,general-commons,CRDC,General Commons,CBIIT/general-commons,4.7.0,2026-01-01T05:00:00Z,0.0447,,261,5818,6079,2c24f933248417f3393a43399e44d71c07d3638e,Update coverage.yml,2026-01-30T20:26:24Z,https://github.com/CBIIT/general-commons/actions/runs/21529560702,2026-05-08T15:25:50Z
79306424,crdc-ctdc-files,CRDC,CTDC,CBIIT/crdc-ctdc-files,1.1.1,2026-05-01T04:00:00Z,0.5373,,85,55,140,8bf36855e21bbd6c6b17df64f55f9b7ca33176f9,"Merge pull request #38 from CBIIT/CTDC-2011

CTDC-2011: Fix Vulnerabilities and Migrate to Modern Dependencies",2026-05-06T19:02:24Z,https://github.com/CBIIT/crdc-ctdc-files/actions/runs/25455215645,2026-05-08T15:25:50Z
79206018,crdc-ctdc-ui,CRDC,CTDC,CBIIT/crdc-ctdc-ui,CTDC-2013,2026-05-01T04:00:00Z,0.0118,0.0,72,4005,4077,8bec3600662db06bff1aba2727c6e933c77d8cac,Merge 96643992a9071fefaa3ad4dc8fcba891e7bd86fd into 118354b11f88a07ab35d29b9c7cd03a9ddb69d56,2026-05-08T15:25:38Z,https://github.com/CBIIT/crdc-ctdc-ui/actions/runs/25188554159,2026-05-08T15:25:50Z
79206018,crdc-ctdc-ui,CRDC,CTDC,CBIIT/crdc-ctdc-ui,CTDC-2013,2026-04-01T04:00:00Z,0.0118,0.0,72,4005,4077,8bec3600662db06bff1aba2727c6e933c77d8cac,Merge 96643992a9071fefaa3ad4dc8fcba891e7bd86fd into 118354b11f88a07ab35d29b9c7cd03a9ddb69d56,2026-04-30T20:49:43Z,https://github.com/CBIIT/crdc-ctdc-ui/actions/runs/25188554159,2026-05-08T15:25:50Z
78471428,crdc-ctdc-ui,CRDC,CTDC,CBIIT/crdc-ctdc-ui,1.3.0,2026-03-01T05:00:00Z,0.0118,0.0,72,4005,4077,d0f118429d9750055d699332c181f3585945c0af,Merge f5328ecce0a5db13ccef7567a6893786e1f18352 into d3795a171cdd857da2c6649d5544017456b2c17c,2026-03-26T16:06:14Z,https://github.com/CBIIT/crdc-ctdc-ui/actions/runs/23604587337,2026-05-08T15:25:50Z
77794854,crdc-ctdc-ui,CRDC,CTDC,CBIIT/crdc-ctdc-ui,1.3.0,2026-02-01T05:00:00Z,0.0118,,72,4005,4077,74047f734a50a9f1849c5f088d2db286fac71eb5,"Merge pull request #299 from CBIIT/CTDC-1670

CTDC-1670: Study Detail -> Clinical Data tab",2026-02-12T21:21:18Z,https://github.com/CBIIT/crdc-ctdc-ui/actions/runs/21964669445,2026-05-08T15:25:50Z
79299190,crdc-ctdc-interoperation,CRDC,CTDC,CBIIT/crdc-ctdc-interoperation,CTDC-2012,2026-05-01T04:00:00Z,0.48,,35,40,75,eb4c42860f990a5bc9489dca10270f4c484ff322,Merge 3be02efe719c4dfe8e40aa0ec6f36c654b240934 into 33071f0e8f157ae121406857074c27c0c3040e21,2026-05-06T13:14:22Z,https://github.com/CBIIT/crdc-ctdc-interoperation/actions/runs/25437481585,2026-05-08T15:25:50Z
79332598,crdc-ctdc-backend,CRDC,CTDC,CBIIT/crdc-ctdc-backend,CTDC-2009-BE,2026-05-01T04:00:00Z,0.0356,0.0,77,1811,1888,9dfd330c89af60e8f8d2e18ada2a0ad8bcb9dbac,Merge b4b2cffca026f88e2aa8a472c959d167f2417806 into e97f79c8493170d5bdc64c7bf306371455229372,2026-05-07T20:34:59Z,https://github.com/CBIIT/crdc-ctdc-backend/actions/runs/25520569045,2026-05-08T15:25:50Z
79203870,crdc-ctdc-backend,CRDC,CTDC,CBIIT/crdc-ctdc-backend,CTDC-2009,2026-04-01T04:00:00Z,0.0356,0.0,77,1811,1888,46b920e5bd7073eb64ea1fcc888942037e477862,Merge 05e17e35befd7b9075efad4d2de1ac499fe8e6d3 into 576c5f5cb0973d74c0f28fe1d1c3447f19ccee72,2026-04-30T19:17:14Z,https://github.com/CBIIT/crdc-ctdc-backend/actions/runs/25184610847,2026-05-08T15:25:50Z
78326873,crdc-ctdc-backend,CRDC,CTDC,CBIIT/crdc-ctdc-backend,1.3.0,2026-03-01T05:00:00Z,0.0356,0.0,77,1811,1888,cc866612e86e7bec3961c093e2732cd1af0f4cdd,Merge e97f79c8493170d5bdc64c7bf306371455229372 into 443aaac57d2871bd229b9e99f6e15931155c2e39,2026-03-18T20:16:53Z,https://github.com/CBIIT/crdc-ctdc-backend/actions/runs/23264997820,2026-05-08T15:25:50Z
77793402,crdc-ctdc-backend,CRDC,CTDC,CBIIT/crdc-ctdc-backend,1.3.0,2026-02-01T05:00:00Z,0.0356,0.0,77,1811,1888,e97f79c8493170d5bdc64c7bf306371455229372,"Merge pull request #155 from CBIIT/1.2.1-CTDC-1842

CTDC-1842: Clinical Data Tab BE queries",2026-02-12T19:58:31Z,https://github.com/CBIIT/crdc-ctdc-backend/actions/runs/21962113580,2026-05-08T15:25:50Z
77342169,crdc-ctdc-backend,CRDC,CTDC,CBIIT/crdc-ctdc-backend,1.2.1-CTDC-1842,2026-01-01T05:00:00Z,0.0356,,77,1811,1888,916d9cd9ca3de2380bcaef3f898b0e90d903c3d1,Merge e26a629562d8f04980f300bf71003270b6e7279c into e6380a03847dcccd266d07a33fb7cdf576e0df44,2026-01-15T21:39:44Z,https://github.com/CBIIT/crdc-ctdc-backend/actions/runs/21047266069,2026-05-08T15:25:50Z
79225094,crdc-ctdc-dataloader,CRDC,CTDC,CBIIT/crdc-ctdc-dataloader,master,2026-05-01T04:00:00Z,0.0606,0.0,213,3302,3515,497ee6e187aac5d78911d52c897696e17d5869c6,"Merge pull request #13 from CBIIT/breadsp-patch-1

props-ctdc.yaml is being updated",2026-05-01T20:40:38Z,https://github.com/CBIIT/crdc-ctdc-dataloader/actions/runs/25232205327,2026-05-08T15:25:50Z
77573185,crdc-ctdc-dataloader,CRDC,CTDC,CBIIT/crdc-ctdc-dataloader,master,2026-04-01T04:00:00Z,0.0606,0.0,213,3302,3515,55f8115130e15ee6ff9971bd8b8b4f9df4aaeca7,"Merge pull request #12 from CBIIT/breadsp-pytesting

Add Pytest Tests and Coverage Reporting",2026-05-01T03:59:59Z,https://github.com/CBIIT/crdc-ctdc-dataloader/actions/runs/21517768941,2026-05-08T15:25:50Z
77573185,crdc-ctdc-dataloader,CRDC,CTDC,CBIIT/crdc-ctdc-dataloader,master,2026-03-01T05:00:00Z,0.0606,0.0,213,3302,3515,55f8115130e15ee6ff9971bd8b8b4f9df4aaeca7,"Merge pull request #12 from CBIIT/breadsp-pytesting

Add Pytest Tests and Coverage Reporting",2026-04-01T03:59:59Z,https://github.com/CBIIT/crdc-ctdc-dataloader/actions/runs/21517768941,2026-05-08T15:25:50Z
77573185,crdc-ctdc-dataloader,CRDC,CTDC,CBIIT/crdc-ctdc-dataloader,master,2026-02-01T05:00:00Z,0.0606,0.0,213,3302,3515,55f8115130e15ee6ff9971bd8b8b4f9df4aaeca7,"Merge pull request #12 from CBIIT/breadsp-pytesting

Add Pytest Tests and Coverage Reporting",2026-03-01T04:59:59Z,https://github.com/CBIIT/crdc-ctdc-dataloader/actions/runs/21517768941,2026-05-08T15:25:50Z
77573185,crdc-ctdc-dataloader,CRDC,CTDC,CBIIT/crdc-ctdc-dataloader,master,2026-01-01T05:00:00Z,0.0606,,213,3302,3515,55f8115130e15ee6ff9971bd8b8b4f9df4aaeca7,"Merge pull request #12 from CBIIT/breadsp-pytesting

Add Pytest Tests and Coverage Reporting",2026-01-30T13:40:38Z,https://github.com/CBIIT/crdc-ctdc-dataloader/actions/runs/21517768941,2026-05-08T15:25:50Z
77918420,crdc-popsci-ui,CRDC,PSDC,CBIIT/crdc-popsci-ui,2.0.0,2026-05-01T04:00:00Z,0.0079,0.0,45,3742,3787,229cd3b640d307a07b088a46507d2b3cf93084f8,Update base image to nginx 1.29.5-alpine3.23-slim,2026-05-08T15:25:38Z,https://github.com/CBIIT/crdc-popsci-ui/actions/runs/22231354974,2026-05-08T15:25:50Z
77918420,crdc-popsci-ui,CRDC,PSDC,CBIIT/crdc-popsci-ui,2.0.0,2026-04-01T04:00:00Z,0.0079,0.0,45,3742,3787,229cd3b640d307a07b088a46507d2b3cf93084f8,Update base image to nginx 1.29.5-alpine3.23-slim,2026-05-01T03:59:59Z,https://github.com/CBIIT/crdc-popsci-ui/actions/runs/22231354974,2026-05-08T15:25:50Z
77918420,crdc-popsci-ui,CRDC,PSDC,CBIIT/crdc-popsci-ui,2.0.0,2026-03-01T05:00:00Z,0.0079,0.0,45,3742,3787,229cd3b640d307a07b088a46507d2b3cf93084f8,Update base image to nginx 1.29.5-alpine3.23-slim,2026-04-01T03:59:59Z,https://github.com/CBIIT/crdc-popsci-ui/actions/runs/22231354974,2026-05-08T15:25:50Z
77918420,crdc-popsci-ui,CRDC,PSDC,CBIIT/crdc-popsci-ui,2.0.0,2026-02-01T05:00:00Z,0.0079,,45,3742,3787,229cd3b640d307a07b088a46507d2b3cf93084f8,Update base image to nginx 1.29.5-alpine3.23-slim,2026-02-20T16:07:35Z,https://github.com/CBIIT/crdc-popsci-ui/actions/runs/22231354974,2026-05-08T15:25:50Z
78221850,crdc-popsci-backend,CRDC,PSDC,CBIIT/crdc-popsci-backend,2.0.0,2026-05-01T04:00:00Z,0.1608,0.0,382,1454,1836,9253e8853df661e9b6c1d07ebf5680c7f08f88dd,"Merge pull request #58 from CBIIT/CVE-2025-66614

Bump tomcat-embed-core to 11.0.15 to fix Trivy vulnerability",2026-05-08T15:25:44Z,https://github.com/CBIIT/crdc-popsci-backend/actions/runs/23026481765,2026-05-08T15:25:50Z
78221850,crdc-popsci-backend,CRDC,PSDC,CBIIT/crdc-popsci-backend,2.0.0,2026-04-01T04:00:00Z,0.1608,0.0,382,1454,1836,9253e8853df661e9b6c1d07ebf5680c7f08f88dd,"Merge pull request #58 from CBIIT/CVE-2025-66614

Bump tomcat-embed-core to 11.0.15 to fix Trivy vulnerability",2026-05-01T03:59:59Z,https://github.com/CBIIT/crdc-popsci-backend/actions/runs/23026481765,2026-05-08T15:25:50Z
78221850,crdc-popsci-backend,CRDC,PSDC,CBIIT/crdc-popsci-backend,2.0.0,2026-03-01T05:00:00Z,0.1608,-0.0018,382,1454,1836,9253e8853df661e9b6c1d07ebf5680c7f08f88dd,"Merge pull request #58 from CBIIT/CVE-2025-66614

Bump tomcat-embed-core to 11.0.15 to fix Trivy vulnerability",2026-03-12T22:15:39Z,https://github.com/CBIIT/crdc-popsci-backend/actions/runs/23026481765,2026-05-08T15:25:50Z
77918341,crdc-popsci-backend,CRDC,PSDC,CBIIT/crdc-popsci-backend,2.0.0,2026-02-01T05:00:00Z,0.1626,,385,1451,1836,6cf796178a027b9053614b907ebe1dddfe483b66,"Update Dockerfile base image and clean up

Updated the base image to tomcat 11.0.18 and removed deprecated lines.",2026-02-20T16:03:05Z,https://github.com/CBIIT/crdc-popsci-backend/actions/runs/22231210063,2026-05-08T15:25:50Z
79305299,crdc-popsci-cgc-data-transfer,CRDC,PSDC,CBIIT/crdc-popsci-cgc-data-transfer,vulnerabilities_fix_may_2026,2026-05-01T04:00:00Z,0.5217,0.0,35,36,71,3873781ddc6d03076df22c521742cc9422b17b74,Merge 0f3569161053da8a92f335f801f4721ad26373a7 into d6dfa088c595e224629df2865114c6dd2fb88a3c,2026-05-06T17:59:11Z,https://github.com/CBIIT/crdc-popsci-cgc-data-transfer/actions/runs/25452166355,2026-05-08T15:25:50Z
78147692,crdc-popsci-cgc-data-transfer,CRDC,PSDC,CBIIT/crdc-popsci-cgc-data-transfer,1.0.0,2026-04-01T04:00:00Z,0.5217,0.0,35,36,71,d6dfa088c595e224629df2865114c6dd2fb88a3c,"Merge pull request #5 from CBIIT/POPSCI-449

POPSC-449: Fix vulnerabilities",2026-05-01T03:59:59Z,https://github.com/CBIIT/crdc-popsci-cgc-data-transfer/actions/runs/22870159911,2026-05-08T15:25:50Z
78147692,crdc-popsci-cgc-data-transfer,CRDC,PSDC,CBIIT/crdc-popsci-cgc-data-transfer,1.0.0,2026-03-01T05:00:00Z,0.5217,0.0,35,36,71,d6dfa088c595e224629df2865114c6dd2fb88a3c,"Merge pull request #5 from CBIIT/POPSCI-449

POPSC-449: Fix vulnerabilities",2026-03-09T19:07:27Z,https://github.com/CBIIT/crdc-popsci-cgc-data-transfer/actions/runs/22870159911,2026-05-08T15:25:50Z
77918500,crdc-popsci-cgc-data-transfer,CRDC,PSDC,CBIIT/crdc-popsci-cgc-data-transfer,1.0.0,2026-02-01T05:00:00Z,0.5217,,35,36,71,a976e20e45bc90d64793a989c8bfacfaf07c2cd4,Update Node.js version in Dockerfile,2026-02-20T16:11:49Z,https://github.com/CBIIT/crdc-popsci-cgc-data-transfer/actions/runs/22231532663,2026-05-08T15:25:50Z
79331533,bento-icdc-frontend,CRDC,ICDC,CBIIT/bento-icdc-frontend,development,2026-05-01T04:00:00Z,0.2573,-0.0503,2197,5225,7422,bc935f39cd57787c5a3d0bada70d1840132b9484,"Merge pull request #1605 from CBIIT/feature/test

Fix Coverage Report - update test workflow",2026-05-07T19:40:17Z,https://github.com/CBIIT/bento-icdc-frontend/actions/runs/25517809625,2026-05-08T15:25:50Z
77813257,bento-icdc-frontend,CRDC,ICDC,CBIIT/bento-icdc-frontend,development,2026-04-01T04:00:00Z,0.3076,0.0,307,505,812,1c91bc2824b9479bab46a5b1f1c5e30562bf4921,"Merge pull request #1554 from CBIIT/feature/ICDC-3911-III

ICDC-3911",2026-05-01T03:59:59Z,https://github.com/CBIIT/bento-icdc-frontend/actions/runs/22002190669,2026-05-08T15:25:50Z
77813257,bento-icdc-frontend,CRDC,ICDC,CBIIT/bento-icdc-frontend,development,2026-03-01T05:00:00Z,0.3076,0.0,307,505,812,1c91bc2824b9479bab46a5b1f1c5e30562bf4921,"Merge pull request #1554 from CBIIT/feature/ICDC-3911-III

ICDC-3911",2026-04-01T03:59:59Z,https://github.com/CBIIT/bento-icdc-frontend/actions/runs/22002190669,2026-05-08T15:25:50Z
77813257,bento-icdc-frontend,CRDC,ICDC,CBIIT/bento-icdc-frontend,development,2026-02-01T05:00:00Z,0.3076,,307,505,812,1c91bc2824b9479bab46a5b1f1c5e30562bf4921,"Merge pull request #1554 from CBIIT/feature/ICDC-3911-III

ICDC-3911",2026-02-13T20:45:57Z,https://github.com/CBIIT/bento-icdc-frontend/actions/runs/22002190669,2026-05-08T15:25:50Z
79331239,bento-icdc-backend,CRDC,ICDC,CBIIT/bento-icdc-backend,more-security-updates,2026-05-01T04:00:00Z,0.0267,0.0,68,2202,2270,2bc98577d861a823b6871fe77727d3eade6062d4,Merge 65d8984d4b81680e8c91be8365fff57c37d676f0 into 324f4478749477cb70c0320a6b16ca214158fcab,2026-05-07T19:23:25Z,https://github.com/CBIIT/bento-icdc-backend/actions/runs/25517140990,2026-05-08T15:25:50Z
79039726,bento-icdc-backend,CRDC,ICDC,CBIIT/bento-icdc-backend,develop,2026-04-01T04:00:00Z,0.0267,-0.0003,68,2202,2270,5460dc4df9af4ee28f9470781518c523aeb5cea6,Merge 50ae690190f71df7ffb5dfd67a78fca52fc4df17 into ef0d51aac401f89e995b256b307e5472e1fb46df,2026-04-22T16:08:01Z,https://github.com/CBIIT/bento-icdc-backend/actions/runs/24789027263,2026-05-08T15:25:50Z
78349731,bento-icdc-backend,CRDC,ICDC,CBIIT/bento-icdc-backend,develop,2026-03-01T05:00:00Z,0.027,0.0,68,2172,2240,6a423e037886e6fcc20836848ef1a340f1a78715,"Merge pull request #77 from CBIIT/sec-update-old

update base image to use tomcat 10.1.52 (matching version in pom)",2026-03-19T20:47:59Z,https://github.com/CBIIT/bento-icdc-backend/actions/runs/23316193341,2026-05-08T15:25:50Z
77861844,bento-icdc-backend,CRDC,ICDC,CBIIT/bento-icdc-backend,develop,2026-02-01T05:00:00Z,0.027,0.0,68,2172,2240,6067bae3f16b1ca4287d64f71379eff9c3d6d865,"Merge pull request #61 from CBIIT/unit-test-setup

coverage report generation",2026-02-17T20:41:56Z,https://github.com/CBIIT/bento-icdc-backend/actions/runs/22114920986,2026-05-08T15:25:50Z
77320805,bento-icdc-backend,CRDC,ICDC,CBIIT/bento-icdc-backend,unit-test-setup,2026-01-01T05:00:00Z,0.027,,68,2172,2240,493a57c4717f4366b1f8f2026316ddfb2c4b7691,Merge d328e32d698708849965ab2ed375ee12b4526a73 into 00ce4f34b5ef660ad7353a66a4325a49102dcc28,2026-01-14T18:55:57Z,https://github.com/CBIIT/bento-icdc-backend/actions/runs/21006137151,2026-05-08T15:25:50Z
77185195,bento-icdc-interoperation,CRDC,ICDC,CBIIT/bento-icdc-interoperation,coverage-report,2026-05-01T04:00:00Z,1.0,0.0,28,0,28,25b395c399bb8666131df095a264a80af9263dfa,publish coverage report,2026-05-08T15:25:44Z,https://github.com/CBIIT/bento-icdc-interoperation/actions/runs/20728483788,2026-05-08T15:25:50Z
77185195,bento-icdc-interoperation,CRDC,ICDC,CBIIT/bento-icdc-interoperation,coverage-report,2026-04-01T04:00:00Z,1.0,0.0,28,0,28,25b395c399bb8666131df095a264a80af9263dfa,publish coverage report,2026-05-01T03:59:59Z,https://github.com/CBIIT/bento-icdc-interoperation/actions/runs/20728483788,2026-05-08T15:25:50Z
77185195,bento-icdc-interoperation,CRDC,ICDC,CBIIT/bento-icdc-interoperation,coverage-report,2026-03-01T05:00:00Z,1.0,0.0,28,0,28,25b395c399bb8666131df095a264a80af9263dfa,publish coverage report,2026-04-01T03:59:59Z,https://github.com/CBIIT/bento-icdc-interoperation/actions/runs/20728483788,2026-05-08T15:25:50Z
77185195,bento-icdc-interoperation,CRDC,ICDC,CBIIT/bento-icdc-interoperation,coverage-report,2026-02-01T05:00:00Z,1.0,0.0,28,0,28,25b395c399bb8666131df095a264a80af9263dfa,publish coverage report,2026-03-01T04:59:59Z,https://github.com/CBIIT/bento-icdc-interoperation/actions/runs/20728483788,2026-05-08T15:25:50Z
77185195,bento-icdc-interoperation,CRDC,ICDC,CBIIT/bento-icdc-interoperation,coverage-report,2026-01-01T05:00:00Z,1.0,,28,0,28,25b395c399bb8666131df095a264a80af9263dfa,publish coverage report,2026-01-05T20:39:17Z,https://github.com/CBIIT/bento-icdc-interoperation/actions/runs/20728483788,2026-05-08T15:25:50Z
79156279,crdc-icdc-data-retriever,CRDC,ICDC,CBIIT/crdc-icdc-data-retriever,main,2026-05-01T04:00:00Z,0.7885,0.0,943,253,1196,ea092acc5154c7aeb85201d3aab83cc2384fe5e2,"Merge pull request #29 from CBIIT/develop

merge develop into main",2026-05-08T15:25:44Z,https://github.com/CBIIT/crdc-icdc-data-retriever/actions/runs/25073230978,2026-05-08T15:25:50Z
79156279,crdc-icdc-data-retriever,CRDC,ICDC,CBIIT/crdc-icdc-data-retriever,main,2026-04-01T04:00:00Z,0.7885,0.0002,943,253,1196,ea092acc5154c7aeb85201d3aab83cc2384fe5e2,"Merge pull request #29 from CBIIT/develop

merge develop into main",2026-04-28T19:28:10Z,https://github.com/CBIIT/crdc-icdc-data-retriever/actions/runs/25073230978,2026-05-08T15:25:50Z
78198915,crdc-icdc-data-retriever,CRDC,ICDC,CBIIT/crdc-icdc-data-retriever,main,2026-03-01T05:00:00Z,0.7883,-0.1012,942,253,1195,67458f024a0bb7822190ebdf2b2d15e8550a0350,"Merge pull request #26 from CBIIT/develop

merge develop into main",2026-03-11T22:20:31Z,https://github.com/CBIIT/crdc-icdc-data-retriever/actions/runs/22977183998,2026-05-08T15:25:50Z
77318642,crdc-icdc-data-retriever,CRDC,ICDC,CBIIT/crdc-icdc-data-retriever,main,2026-02-01T05:00:00Z,0.8895,0.0,837,104,941,91b86bbcacbc7bd20b447b635cd9537368eca5bf,"Merge pull request #13 from CBIIT/develop

merge dev into main",2026-03-01T04:59:59Z,https://github.com/CBIIT/crdc-icdc-data-retriever/actions/runs/21002166762,2026-05-08T15:25:50Z
77318642,crdc-icdc-data-retriever,CRDC,ICDC,CBIIT/crdc-icdc-data-retriever,main,2026-01-01T05:00:00Z,0.8895,,837,104,941,91b86bbcacbc7bd20b447b635cd9537368eca5bf,"Merge pull request #13 from CBIIT/develop

merge dev into main",2026-01-14T16:42:45Z,https://github.com/CBIIT/crdc-icdc-data-retriever/actions/runs/21002166762,2026-05-08T15:25:50Z
79335606,bento-files,CRDC,ICDC,CBIIT/bento-files,node-security-updates,2026-05-01T04:00:00Z,0.5253,0.0,79,55,134,d1695f445d8cbac0957d357fbb7063daf6b88d00,Merge 235a5096701f681d1583fb6619a7192acd0b185b into b32f4e929732d7c8561c7a14c5bc4fc53d843b04,2026-05-07T23:50:35Z,https://github.com/CBIIT/bento-files/actions/runs/25528411462,2026-05-08T15:25:50Z
77577593,bento-files,CRDC,ICDC,CBIIT/bento-files,main,2026-04-01T04:00:00Z,0.5253,0.0,79,55,134,8dd7dfc1c001c8f0bbb39c4294ea7584bb2d04b5,"Merge pull request #28 from CBIIT/unit-tests-coveralls

Checkout submodule when running unit tests in GitHub actions.",2026-05-01T03:59:59Z,https://github.com/CBIIT/bento-files/actions/runs/21524648085,2026-05-08T15:25:50Z
77577593,bento-files,CRDC,ICDC,CBIIT/bento-files,main,2026-03-01T05:00:00Z,0.5253,0.0,79,55,134,8dd7dfc1c001c8f0bbb39c4294ea7584bb2d04b5,"Merge pull request #28 from CBIIT/unit-tests-coveralls

Checkout submodule when running unit tests in GitHub actions.",2026-04-01T03:59:59Z,https://github.com/CBIIT/bento-files/actions/runs/21524648085,2026-05-08T15:25:50Z
77577593,bento-files,CRDC,ICDC,CBIIT/bento-files,main,2026-02-01T05:00:00Z,0.5253,0.0,79,55,134,8dd7dfc1c001c8f0bbb39c4294ea7584bb2d04b5,"Merge pull request #28 from CBIIT/unit-tests-coveralls

Checkout submodule when running unit tests in GitHub actions.",2026-03-01T04:59:59Z,https://github.com/CBIIT/bento-files/actions/runs/21524648085,2026-05-08T15:25:50Z
77577593,bento-files,CRDC,ICDC,CBIIT/bento-files,main,2026-01-01T05:00:00Z,0.5253,,79,55,134,8dd7dfc1c001c8f0bbb39c4294ea7584bb2d04b5,"Merge pull request #28 from CBIIT/unit-tests-coveralls

Checkout submodule when running unit tests in GitHub actions.",2026-01-30T17:28:42Z,https://github.com/CBIIT/bento-files/actions/runs/21524648085,2026-05-08T15:25:50Z
78990105,icdc-dataloader,CRDC,Data Loader,CBIIT/icdc-dataloader,3.2.0,2026-05-01T04:00:00Z,0.1895,0.0,923,3948,4871,b57de7a546a37804e824514409728ba4345e7c7c,"Merge pull request #130 from CBIIT/3.2.0_multi_batch

Update prefect-data-hub.yaml",2026-05-08T15:25:45Z,https://github.com/CBIIT/icdc-dataloader/actions/runs/24677665966,2026-05-08T15:25:50Z
78990105,icdc-dataloader,CRDC,Data Loader,CBIIT/icdc-dataloader,3.2.0,2026-04-01T04:00:00Z,0.1895,-0.0007,923,3948,4871,b57de7a546a37804e824514409728ba4345e7c7c,"Merge pull request #130 from CBIIT/3.2.0_multi_batch

Update prefect-data-hub.yaml",2026-04-20T16:22:01Z,https://github.com/CBIIT/icdc-dataloader/actions/runs/24677665966,2026-05-08T15:25:50Z
78564227,icdc-dataloader,CRDC,Data Loader,CBIIT/icdc-dataloader,3.2.0,2026-03-01T05:00:00Z,0.1902,-0.0006,923,3929,4852,f1566d320890783d7543273c1d8c3c14fa3d7266,"Merge pull request #128 from CBIIT/3.2.0_multi_batch

3.2.0 multi batch loading and load empty cell as null update",2026-03-31T21:17:29Z,https://github.com/CBIIT/icdc-dataloader/actions/runs/23819803163,2026-05-08T15:25:50Z
77577633,icdc-dataloader,CRDC,Data Loader,CBIIT/icdc-dataloader,3.2.0,2026-02-01T05:00:00Z,0.1908,0.0,920,3903,4823,941a5b7c8a657bea1019d5f16503a39108c93a5e,"Merge pull request #126 from CBIIT/unit-test-coveralls

Coveralls integration.",2026-03-01T04:59:59Z,https://github.com/CBIIT/icdc-dataloader/actions/runs/21524744671,2026-05-08T15:25:50Z
77577633,icdc-dataloader,CRDC,Data Loader,CBIIT/icdc-dataloader,3.2.0,2026-01-01T05:00:00Z,0.1908,,920,3903,4823,941a5b7c8a657bea1019d5f16503a39108c93a5e,"Merge pull request #126 from CBIIT/unit-test-coveralls

Coveralls integration.",2026-01-30T17:32:35Z,https://github.com/CBIIT/icdc-dataloader/actions/runs/21524744671,2026-05-08T15:25:50Z
77577949,Data-Model-Navigator,CRDC,Data Model Navigator,CBIIT/Data-Model-Navigator,init-testing,2026-05-01T04:00:00Z,0.04,0.0,125,2987,3112,7697065fef902c680bce278d8d6824b473b642e8,Merge 8ae04a041461f2081d0ddb3e8079dad97a410ed7 into 4b887fa870de70572870e3351068b3ead36a79e8,2026-05-08T15:25:45Z,https://github.com/CBIIT/Data-Model-Navigator/actions/runs/21525110999,2026-05-08T15:25:50Z
77577949,Data-Model-Navigator,CRDC,Data Model Navigator,CBIIT/Data-Model-Navigator,init-testing,2026-04-01T04:00:00Z,0.04,0.0,125,2987,3112,7697065fef902c680bce278d8d6824b473b642e8,Merge 8ae04a041461f2081d0ddb3e8079dad97a410ed7 into 4b887fa870de70572870e3351068b3ead36a79e8,2026-05-01T03:59:59Z,https://github.com/CBIIT/Data-Model-Navigator/actions/runs/21525110999,2026-05-08T15:25:50Z
77577949,Data-Model-Navigator,CRDC,Data Model Navigator,CBIIT/Data-Model-Navigator,init-testing,2026-03-01T05:00:00Z,0.04,0.0,125,2987,3112,7697065fef902c680bce278d8d6824b473b642e8,Merge 8ae04a041461f2081d0ddb3e8079dad97a410ed7 into 4b887fa870de70572870e3351068b3ead36a79e8,2026-04-01T03:59:59Z,https://github.com/CBIIT/Data-Model-Navigator/actions/runs/21525110999,2026-05-08T15:25:50Z
77577949,Data-Model-Navigator,CRDC,Data Model Navigator,CBIIT/Data-Model-Navigator,init-testing,2026-02-01T05:00:00Z,0.04,0.0,125,2987,3112,7697065fef902c680bce278d8d6824b473b642e8,Merge 8ae04a041461f2081d0ddb3e8079dad97a410ed7 into 4b887fa870de70572870e3351068b3ead36a79e8,2026-03-01T04:59:59Z,https://github.com/CBIIT/Data-Model-Navigator/actions/runs/21525110999,2026-05-08T15:25:50Z
77577949,Data-Model-Navigator,CRDC,Data Model Navigator,CBIIT/Data-Model-Navigator,init-testing,2026-01-01T05:00:00Z,0.04,,125,2987,3112,7697065fef902c680bce278d8d6824b473b642e8,Merge 8ae04a041461f2081d0ddb3e8079dad97a410ed7 into 4b887fa870de70572870e3351068b3ead36a79e8,2026-01-30T17:45:44Z,https://github.com/CBIIT/Data-Model-Navigator/actions/runs/21525110999,2026-05-08T15:25:50Z
79346782,ccdi-ods-ui,CCDI,datasharing,CBIIT/ccdi-ods-ui,cve-fixes-120,2026-05-01T04:00:00Z,0.1903,0.0,168,674,842,f6f054ae92be6e444ec5921b40a78d41fafe25d9,Merge a81041975828033b09a4133a7ff4ffa830582b08 into c1a7f44a33dbe47836fdb72a8e9ffb54afe3feda,2026-05-08T14:09:09Z,https://github.com/CBIIT/ccdi-ods-ui/actions/runs/25560173454,2026-05-08T15:25:50Z
79087287,ccdi-ods-ui,CCDI,datasharing,CBIIT/ccdi-ods-ui,1.2.0,2026-04-01T04:00:00Z,0.1903,-0.1143,168,674,842,a20a6b21a81c9e6a19a03de19f7680584d3ef17a,"Merge pull request #100 from CBIIT/fix-testing-coverage

fix: Covered lines not including untested files",2026-04-24T15:20:11Z,https://github.com/CBIIT/ccdi-ods-ui/actions/runs/24897166839,2026-05-08T15:25:50Z
78398585,ccdi-ods-ui,CCDI,datasharing,CBIIT/ccdi-ods-ui,1.2.0,2026-03-01T05:00:00Z,0.3046,0.0,80,132,212,374d6f167fd9005e72c67198993be70a41521f7f,"Merge pull request #91 from CBIIT/DATASHARE-167

DATASHARE-167: FE: Mobile/Tablet Homepage: Search page",2026-03-23T14:23:12Z,https://github.com/CBIIT/ccdi-ods-ui/actions/runs/23442186893,2026-05-08T15:25:50Z
77975678,ccdi-ods-ui,CCDI,datasharing,CBIIT/ccdi-ods-ui,build-pipeline,2026-02-01T05:00:00Z,0.3046,0.0466,80,132,212,1c404b94db1630461bbab6ef2f0be82fbd79d857,Merge fc9fcf9f85cbfa9fa725cadb3390082d2444c81a into d15d343bb6c5e9ca1fe7be395b14fbc83609362f,2026-02-24T18:33:49Z,https://github.com/CBIIT/ccdi-ods-ui/actions/runs/22364691747,2026-05-08T15:25:50Z
77495805,ccdi-ods-ui,CCDI,datasharing,CBIIT/ccdi-ods-ui,DATASHARE-133,2026-01-01T05:00:00Z,0.258,,62,131,193,3a346d8d90eb72648c501d4aa19abcd06ccfdd66,Merge 2bd4d2f3c2ac36c73cc37db8ac4cade97eeebd97 into e5873b38e0583b94dd366c7506751c5da7b8d32a,2026-01-26T19:21:29Z,https://github.com/CBIIT/ccdi-ods-ui/actions/runs/21370811649,2026-05-08T15:25:50Z
79147050,ccdi-dcc-federation-service,CCDI,data-centric,CBIIT/ccdi-dcc-federation-service,1.3.0-test,2026-05-01T04:00:00Z,0.8004,0.0,15977,3984,19961,c0132be299b4a2303a913e0ce8ff84aee60a78c2,CCDI-DCC - sample endpoints updated with diagnosis_category,2026-05-08T15:25:45Z,https://github.com/CBIIT/ccdi-dcc-federation-service/actions/runs/25053492133,2026-05-08T15:25:50Z
79147050,ccdi-dcc-federation-service,CCDI,data-centric,CBIIT/ccdi-dcc-federation-service,1.3.0-test,2026-04-01T04:00:00Z,0.8004,-0.0046,15977,3984,19961,c0132be299b4a2303a913e0ce8ff84aee60a78c2,CCDI-DCC - sample endpoints updated with diagnosis_category,2026-04-28T12:45:12Z,https://github.com/CBIIT/ccdi-dcc-federation-service/actions/runs/25053492133,2026-05-08T15:25:50Z
78341749,ccdi-dcc-federation-service,CCDI,data-centric,CBIIT/ccdi-dcc-federation-service,stage,2026-03-01T05:00:00Z,0.805,0.0,15401,3730,19131,d2f1e855aa8b0e9ae99a492ec367e0ad9d1af5ce,CCDI-DCC mapping documents updated,2026-03-19T14:32:52Z,https://github.com/CBIIT/ccdi-dcc-federation-service/actions/runs/23299992901,2026-05-08T15:25:50Z
77976855,ccdi-dcc-federation-service,CCDI,data-centric,CBIIT/ccdi-dcc-federation-service,1.2.0,2026-02-01T05:00:00Z,0.805,0.0209,15401,3730,19131,c490a44ee81b9bb2ec6793b12f41f87710716a65,"Merge pull request #52 from CBIIT/1.2.0-test

1.2.0 test",2026-02-24T19:38:01Z,https://github.com/CBIIT/ccdi-dcc-federation-service/actions/runs/22366945160,2026-05-08T15:25:50Z
77580431,ccdi-dcc-federation-service,CCDI,data-centric,CBIIT/ccdi-dcc-federation-service,1.2.0-test,2026-01-01T05:00:00Z,0.7841,,14298,3938,18236,37b7ea6cd3b90626951cddee1d6f88fe46c776bd,Merge f3a80ab73e6fe60fc3ec8bb132bb84d7ee9c16b2 into 73147e8261d7030b41a2d98498576763be09f4c4,2026-01-30T20:49:21Z,https://github.com/CBIIT/ccdi-dcc-federation-service/actions/runs/21530151926,2026-05-08T15:25:50Z
79345792,bento-c3dc-frontend,CCDI,C3DC,CBIIT/bento-c3dc-frontend,1.9.0,2026-05-01T04:00:00Z,0.0011,0.0,10,8148,8158,2c93113a1acb10ca0a302df9182830c1485f14a5,"Merge pull request #504 from CBIIT/C3DC-2146

C3DC 2146",2026-05-08T13:17:14Z,https://github.com/CBIIT/bento-c3dc-frontend/actions/runs/25557662953,2026-05-08T15:25:50Z
79156690,bento-c3dc-frontend,CCDI,C3DC,CBIIT/bento-c3dc-frontend,C3DC-2146,2026-04-01T04:00:00Z,0.0011,-0.0004,10,8148,8158,4f0d1141c86dcf78b841fe0ac3a4da7f0624407a,Merge ba9117d1641889fa8802c100dca2de5d1d726086 into 850690c82bb8a095927d6cec0cd63a2fa02f80d3,2026-04-28T19:48:52Z,https://github.com/CBIIT/bento-c3dc-frontend/actions/runs/25074112835,2026-05-08T15:25:50Z
78324499,bento-c3dc-frontend,CCDI,C3DC,CBIIT/bento-c3dc-frontend,sync-190,2026-03-01T05:00:00Z,0.0015,-0.0002,10,6329,6339,54c435b9c6beb6c9524a0c017a1d2e24849aab72,Merge 087d5920d9f17fae5bfcfc28ed6969618d8328ad into 968ac5cb614fb3381a52edeeec099b330d659aeb,2026-03-18T17:58:05Z,https://github.com/CBIIT/bento-c3dc-frontend/actions/runs/23259221904,2026-05-08T15:25:50Z
77951442,bento-c3dc-frontend,CCDI,C3DC,CBIIT/bento-c3dc-frontend,1.8.1,2026-02-01T05:00:00Z,0.0017,0.0,10,5866,5876,eac124ac2b9a5fa9144e35ae5172328ed1771ed9,"Merge pull request #499 from CBIIT/bump-version

Bump NPM version to 1.8.1",2026-02-23T16:46:36Z,https://github.com/CBIIT/bento-c3dc-frontend/actions/runs/22315716767,2026-05-08T15:25:50Z
77577580,bento-c3dc-frontend,CCDI,C3DC,CBIIT/bento-c3dc-frontend,C3DC-1996,2026-01-01T05:00:00Z,0.0017,,10,5885,5895,5b26c3b72d4cced18f65be1c0ac4cb5511600154,Merge 49e85fdc1568a63be90e10f95a2691abceb9acb6 into c99082bc695e6c96769a90cac7c63bb3ef5731ae,2026-01-30T17:28:00Z,https://github.com/CBIIT/bento-c3dc-frontend/actions/runs/21524608681,2026-05-08T15:25:50Z
79345813,CCDI-C3DC-Backend,CCDI,C3DC,CBIIT/CCDI-C3DC-Backend,1.9.0,2026-05-01T04:00:00Z,0.0168,0.0003,70,4143,4213,4e3e32c84ba4986831901a91cf92c713d71ee893,"Merge pull request #131 from CBIIT/C3DC-2173

C3DC-2173",2026-05-08T13:17:59Z,https://github.com/CBIIT/CCDI-C3DC-Backend/actions/runs/25557712532,2026-05-08T15:25:50Z
78324380,CCDI-C3DC-Backend,CCDI,C3DC,CBIIT/CCDI-C3DC-Backend,1.9.0,2026-04-01T04:00:00Z,0.0165,0.0,68,4136,4204,a017f3571560793a694e7bbb20d8a7c3d505dedf,"Merge pull request #130 from CBIIT/main

Sync 1.8.1 patch",2026-05-01T03:59:59Z,https://github.com/CBIIT/CCDI-C3DC-Backend/actions/runs/23259086492,2026-05-08T15:25:50Z
78324380,CCDI-C3DC-Backend,CCDI,C3DC,CBIIT/CCDI-C3DC-Backend,1.9.0,2026-03-01T05:00:00Z,0.0165,-0.0003,68,4136,4204,a017f3571560793a694e7bbb20d8a7c3d505dedf,"Merge pull request #130 from CBIIT/main

Sync 1.8.1 patch",2026-03-18T17:51:50Z,https://github.com/CBIIT/CCDI-C3DC-Backend/actions/runs/23259086492,2026-05-08T15:25:50Z
77954061,CCDI-C3DC-Backend,CCDI,C3DC,CBIIT/CCDI-C3DC-Backend,java-update,2026-02-01T05:00:00Z,0.0168,0.0,70,4134,4204,9adc1c601c9fb7537fc08cf44b462badaef7974d,Merge 6f8e2f0da47a485494426d17f03d7d606e574423 into 6718967820626b8fa267f626a0a5dcfcf3f6788d,2026-02-23T18:58:23Z,https://github.com/CBIIT/CCDI-C3DC-Backend/actions/runs/22320429345,2026-05-08T15:25:50Z
77540969,CCDI-C3DC-Backend,CCDI,C3DC,CBIIT/CCDI-C3DC-Backend,1.8.0,2026-01-01T05:00:00Z,0.0168,,70,4132,4202,63b66aa6cad459f32739d276635fc30361f3cbff,"Merge pull request #122 from CBIIT/checkbox-enablement

Update default for fail_on_trivy_scan in build.yml",2026-01-28T21:05:23Z,https://github.com/CBIIT/CCDI-C3DC-Backend/actions/runs/21455378958,2026-05-08T15:25:50Z
77721359,CCDI-C3DC-Dataloader,CCDI,C3DC,CBIIT/CCDI-C3DC-Dataloader,main,2026-05-01T04:00:00Z,0.2428,0.0,1140,3555,4695,ead6397379c7c40685ec4dd0c2d68edd72553449,Merge 8e8ed0b95dc66ecbc665910ed1db19da04f5f09e into ea709ff5063337bfa114edde1de87548f29c7051,2026-05-08T15:25:45Z,https://github.com/CBIIT/CCDI-C3DC-Dataloader/actions/runs/21831701739,2026-05-08T15:25:50Z
77721359,CCDI-C3DC-Dataloader,CCDI,C3DC,CBIIT/CCDI-C3DC-Dataloader,main,2026-04-01T04:00:00Z,0.2428,0.0,1140,3555,4695,ead6397379c7c40685ec4dd0c2d68edd72553449,Merge 8e8ed0b95dc66ecbc665910ed1db19da04f5f09e into ea709ff5063337bfa114edde1de87548f29c7051,2026-05-01T03:59:59Z,https://github.com/CBIIT/CCDI-C3DC-Dataloader/actions/runs/21831701739,2026-05-08T15:25:50Z
77721359,CCDI-C3DC-Dataloader,CCDI,C3DC,CBIIT/CCDI-C3DC-Dataloader,main,2026-03-01T05:00:00Z,0.2428,0.0,1140,3555,4695,ead6397379c7c40685ec4dd0c2d68edd72553449,Merge 8e8ed0b95dc66ecbc665910ed1db19da04f5f09e into ea709ff5063337bfa114edde1de87548f29c7051,2026-04-01T03:59:59Z,https://github.com/CBIIT/CCDI-C3DC-Dataloader/actions/runs/21831701739,2026-05-08T15:25:50Z
77721359,CCDI-C3DC-Dataloader,CCDI,C3DC,CBIIT/CCDI-C3DC-Dataloader,main,2026-02-01T05:00:00Z,0.2428,0.0,1140,3555,4695,ead6397379c7c40685ec4dd0c2d68edd72553449,Merge 8e8ed0b95dc66ecbc665910ed1db19da04f5f09e into ea709ff5063337bfa114edde1de87548f29c7051,2026-02-09T15:44:08Z,https://github.com/CBIIT/CCDI-C3DC-Dataloader/actions/runs/21831701739,2026-05-08T15:25:50Z
77513627,CCDI-C3DC-Dataloader,CCDI,C3DC,CBIIT/CCDI-C3DC-Dataloader,1.9.0,2026-01-01T05:00:00Z,0.2428,,1140,3555,4695,ea709ff5063337bfa114edde1de87548f29c7051,"Merge pull request #83 from CBIIT/unit-testing

Unit Testing & Repository Standardization",2026-01-27T15:47:35Z,https://github.com/CBIIT/CCDI-C3DC-Dataloader/actions/runs/21403831778,2026-05-08T15:25:50Z
79347674,CCDC-WebPortal,CCDI,CCDC,CBIIT/CCDC-WebPortal,1.5.9,2026-05-01T04:00:00Z,0.0011,0.0,5,2709,2714,fd5c9208d609ff02999bf0a1259fe86a82e848c7,"Merge pull request #514 from CBIIT/1.5.8

1.5.8",2026-05-08T14:52:37Z,https://github.com/CBIIT/CCDC-WebPortal/actions/runs/25562310254,2026-05-08T15:25:50Z
79068381,CCDC-WebPortal,CCDI,CCDC,CBIIT/CCDC-WebPortal,main,2026-04-01T04:00:00Z,0.0011,0.0,5,2709,2714,fd5c9208d609ff02999bf0a1259fe86a82e848c7,"Merge pull request #514 from CBIIT/1.5.8

1.5.8",2026-04-23T19:36:03Z,https://github.com/CBIIT/CCDC-WebPortal/actions/runs/24854894507,2026-05-08T15:25:50Z
78561797,CCDC-WebPortal,CCDI,CCDC,CBIIT/CCDC-WebPortal,1.5.8,2026-03-01T05:00:00Z,0.0011,0.0,5,2709,2714,a6ad884dc6b6652e9c888fe68b3903eccf9ab926,Updated digest_1.5.8,2026-03-31T20:05:29Z,https://github.com/CBIIT/CCDC-WebPortal/actions/runs/23816992164,2026-05-08T15:25:50Z
77881720,CCDC-WebPortal,CCDI,CCDC,CBIIT/CCDC-WebPortal,1.5.7,2026-02-01T05:00:00Z,0.0011,0.0001,5,2709,2714,f539b0aefa09d6ae614cdac122a9e3e9de297dec,Updated 1.5.7 digest file,2026-02-18T19:54:24Z,https://github.com/CBIIT/CCDC-WebPortal/actions/runs/22155255395,2026-05-08T15:25:50Z
77354372,CCDC-WebPortal,CCDI,CCDC,CBIIT/CCDC-WebPortal,main,2026-01-01T05:00:00Z,0.001,,5,2767,2772,fdcf630cbc99fdf89da477f605aa8ef5ea7c404f,"Merge pull request #508 from CBIIT/1.5.7

Merge to main from 1.5.7 for unit test frameworks related settings",2026-01-16T15:30:17Z,https://github.com/CBIIT/CCDC-WebPortal/actions/runs/21071716131,2026-05-08T15:25:50Z
79347731,CCDC-WebService,CCDI,CCDC,CBIIT/CCDC-WebService,1.5.9,2026-05-01T04:00:00Z,0.9811,0.0,43,1,44,e7459c0099fc58736fb581a71c582bd7bf698328,"Merge pull request #151 from CBIIT/1.5.8

1.5.8",2026-05-08T14:55:11Z,https://github.com/CBIIT/CCDC-WebService/actions/runs/25562470311,2026-05-08T15:25:50Z
79068385,CCDC-WebService,CCDI,CCDC,CBIIT/CCDC-WebService,main,2026-04-01T04:00:00Z,0.9811,0.0,43,1,44,e7459c0099fc58736fb581a71c582bd7bf698328,"Merge pull request #151 from CBIIT/1.5.8

1.5.8",2026-04-23T19:35:57Z,https://github.com/CBIIT/CCDC-WebService/actions/runs/24854923436,2026-05-08T15:25:50Z
78194464,CCDC-WebService,CCDI,CCDC,CBIIT/CCDC-WebService,1.5.8,2026-03-01T05:00:00Z,0.9811,0.0,43,1,44,9b25c70d7974603cff0aef9aa40fccd0c3d9a3d0,"Merge pull request #150 from CBIIT/PODCAT-1733

Podcat 1733: Fix high-level CVEs for BE",2026-03-11T18:29:51Z,https://github.com/CBIIT/CCDC-WebService/actions/runs/22968256200,2026-05-08T15:25:50Z
77901236,CCDC-WebService,CCDI,CCDC,CBIIT/CCDC-WebService,1.5.7,2026-02-01T05:00:00Z,0.9811,0.0,43,1,44,1e82068ab6bec4484dfba75d9cfc85d82545d866,"Fix CVE-2026-26996 (#148)

* Fix CVE-2026-26996

* Update dockerfile to add brace-expansion support

* Fix dependency issue again

* Fix minimatch version issue",2026-02-19T18:30:17Z,https://github.com/CBIIT/CCDC-WebService/actions/runs/22194740716,2026-05-08T15:25:50Z
77450204,CCDC-WebService,CCDI,CCDC,CBIIT/CCDC-WebService,main,2026-01-01T05:00:00Z,0.9811,,43,1,44,40ac124cfb0e89bdd9655ee3dc0807fc54fb48b6,"Merge pull request #143 from CBIIT/1.5.7

Merge from 1.5.7 to main",2026-01-22T22:45:22Z,https://github.com/CBIIT/CCDC-WebService/actions/runs/21267579667,2026-05-08T15:25:50Z
79347738,CCDC-ETL,CCDI,CCDC,CBIIT/CCDC-ETL,1.5.9,2026-05-01T04:00:00Z,0.0,0.0,0,3880,3880,935c8080d31e2c42165299aba0c3fe9a28416750,"Merge pull request #162 from CBIIT/1.5.8

1.5.8",2026-05-08T14:55:43Z,https://github.com/CBIIT/CCDC-ETL/actions/runs/25562498048,2026-05-08T15:25:50Z
79068417,CCDC-ETL,CCDI,CCDC,CBIIT/CCDC-ETL,main,2026-04-01T04:00:00Z,0.0,0.0,0,3880,3880,935c8080d31e2c42165299aba0c3fe9a28416750,"Merge pull request #162 from CBIIT/1.5.8

1.5.8",2026-04-23T19:36:53Z,https://github.com/CBIIT/CCDC-ETL/actions/runs/24854957169,2026-05-08T15:25:50Z
78192194,CCDC-ETL,CCDI,CCDC,CBIIT/CCDC-ETL,1.5.8,2026-03-01T05:00:00Z,0.0,0.0,0,3880,3880,f08edfc90ac54ac1df67ed88e8c57eea2a9037e0,"Merge pull request #161 from CBIIT/1.5.7

merge 1.5.7 into main",2026-03-11T16:39:27Z,https://github.com/CBIIT/CCDC-ETL/actions/runs/22963601061,2026-05-08T15:25:50Z
77768823,CCDC-ETL,CCDI,CCDC,CBIIT/CCDC-ETL,1.5.7,2026-02-01T05:00:00Z,0.0,0.0,0,3880,3880,c1a6177cfca81bc86e44657d6ce7683d7c395f26,Update Site glossary.xlsx,2026-02-11T18:47:18Z,https://github.com/CBIIT/CCDC-ETL/actions/runs/21918430730,2026-05-08T15:25:50Z
77450228,CCDC-ETL,CCDI,CCDC,CBIIT/CCDC-ETL,main,2026-01-01T05:00:00Z,0.0,,0,3872,3872,05a904798ab4400df87b2bf06ae3d5e8c96c73d9,"Merge pull request #159 from CBIIT/1.5.7

PODCAT-1689: Implement unit test framework for Catalog ETL (#158)",2026-01-22T22:47:29Z,https://github.com/CBIIT/CCDC-ETL/actions/runs/21267631091,2026-05-08T15:25:50Z
79329841,CCDI-Portal-WebPortal,CCDI,CCDI-Hub,CBIIT/CCDI-Portal-WebPortal,PORTAL-2721,2026-05-01T04:00:00Z,0.0004,0.0,3,8154,8157,244befa18223a5ed6a4393d94b210978ebb83946,Merge 2e59e98e5c171f96b0781ffe9087f326ed04d8b0 into 80d895eb265b7a7008c309b23105cbee909c0a62,2026-05-07T18:08:28Z,https://github.com/CBIIT/CCDI-Portal-WebPortal/actions/runs/25513483021,2026-05-08T15:25:50Z
78917652,CCDI-Portal-WebPortal,CCDI,CCDI-Hub,CBIIT/CCDI-Portal-WebPortal,2.11.0,2026-04-01T04:00:00Z,0.0004,0.0,3,7861,7864,80d895eb265b7a7008c309b23105cbee909c0a62,PORTAL-2672: Add consent codes to study details page (#848),2026-04-16T13:34:43Z,https://github.com/CBIIT/CCDI-Portal-WebPortal/actions/runs/24513170586,2026-05-08T15:25:50Z
78554376,CCDI-Portal-WebPortal,CCDI,CCDI-Hub,CBIIT/CCDI-Portal-WebPortal,2.10.0,2026-03-01T05:00:00Z,0.0004,0.0,3,7675,7678,f0df686542e0d2b376d3867df3093575a2be4163,Merge ad578908313ae44c87de2ded7632fc689c87a9ff into 53b5e7fff8916b5f7f53c8fe2d4e221596cb7bc0,2026-03-31T14:18:39Z,https://github.com/CBIIT/CCDI-Portal-WebPortal/actions/runs/23802092141,2026-05-08T15:25:50Z
77973197,CCDI-Portal-WebPortal,CCDI,CCDI-Hub,CBIIT/CCDI-Portal-WebPortal,2.10.0,2026-02-01T05:00:00Z,0.0004,0.0,3,7604,7607,c78bf2b123c63db1b2e9d43c74c3caefc2d76f4d,Add phs003975 to the study data for downloading study manifest (#821),2026-02-24T16:34:45Z,https://github.com/CBIIT/CCDI-Portal-WebPortal/actions/runs/22360210974,2026-05-08T15:25:50Z
77555690,CCDI-Portal-WebPortal,CCDI,CCDI-Hub,CBIIT/CCDI-Portal-WebPortal,PORTAL-2492,2026-01-01T05:00:00Z,0.0004,,3,7586,7589,62ee04162c4b5b9bc86d664d79608f8d0cee03ac,Merge 4b481665fad300a22c3e3d37de0dfe57c008fe98 into 8fcfce7855f38006840dc770fdf401f808e1c5fc,2026-01-29T15:46:01Z,https://github.com/CBIIT/CCDI-Portal-WebPortal/actions/runs/21484702419,2026-05-08T15:25:50Z
78917329,CCDI-Portal-WebService,CCDI,CCDI-Hub,CBIIT/CCDI-Portal-WebService,2.11.0,2026-05-01T04:00:00Z,0.0005,0.0,3,3933,3936,76b15d2a400d95aba4fa88769f5b3d13516c829f,PORTAL-2672: Add consent codes to study details (#164),2026-05-08T15:25:46Z,https://github.com/CBIIT/CCDI-Portal-WebService/actions/runs/24512504978,2026-05-08T15:25:50Z
78917329,CCDI-Portal-WebService,CCDI,CCDI-Hub,CBIIT/CCDI-Portal-WebService,2.11.0,2026-04-01T04:00:00Z,0.0005,0.0,3,3933,3936,76b15d2a400d95aba4fa88769f5b3d13516c829f,PORTAL-2672: Add consent codes to study details (#164),2026-04-16T13:19:45Z,https://github.com/CBIIT/CCDI-Portal-WebService/actions/runs/24512504978,2026-05-08T15:25:50Z
78554403,CCDI-Portal-WebService,CCDI,CCDI-Hub,CBIIT/CCDI-Portal-WebService,2.10.0,2026-03-01T05:00:00Z,0.0005,-0.0001,3,3932,3935,46fb495c8678efd1d5e09d34a5e8912d2ab27333,Merge cd3deca4b58b9775ed887343faf0912c84b409ec into 8ccd6579034da16eb567e2b25f70c2e00d24a99f,2026-03-31T14:19:33Z,https://github.com/CBIIT/CCDI-Portal-WebService/actions/runs/23802195269,2026-05-08T15:25:50Z
77974725,CCDI-Portal-WebService,CCDI,CCDI-Hub,CBIIT/CCDI-Portal-WebService,2.10.0,2026-02-01T05:00:00Z,0.0006,0.0,3,3912,3915,ed9df024261c58a4f8898b908e54c0790ca3f5e5,Correct additional facet value participant counts (#157),2026-02-24T17:48:40Z,https://github.com/CBIIT/CCDI-Portal-WebService/actions/runs/22363073677,2026-05-08T15:25:50Z
77512492,CCDI-Portal-WebService,CCDI,CCDI-Hub,CBIIT/CCDI-Portal-WebService,2.10.0,2026-01-01T05:00:00Z,0.0006,,3,3910,3913,71a7ecdcefb3761138e053835389d6490c21cc97,"Merge pull request #147 from CBIIT/PORTAL-2482

PORTAL-2482: Add data availability matrix to studies listing",2026-01-27T14:57:03Z,https://github.com/CBIIT/CCDI-Portal-WebService/actions/runs/21402013755,2026-05-08T15:25:50Z
78718840,bento-cds-interoperation,CCDI,CCDI-Hub,CBIIT/bento-cds-interoperation,ccdi-1.2.0,2026-05-01T04:00:00Z,0.9355,0.0,24,2,26,d00b3bbb8f4d71b35e39af5250237134452bd843,Add integrated project domains to the whitelist,2026-05-08T15:25:46Z,https://github.com/CBIIT/bento-cds-interoperation/actions/runs/24138117145,2026-05-08T15:25:50Z
78718840,bento-cds-interoperation,CCDI,CCDI-Hub,CBIIT/bento-cds-interoperation,ccdi-1.2.0,2026-04-01T04:00:00Z,0.9355,0.0,24,2,26,d00b3bbb8f4d71b35e39af5250237134452bd843,Add integrated project domains to the whitelist,2026-04-08T13:32:32Z,https://github.com/CBIIT/bento-cds-interoperation/actions/runs/24138117145,2026-05-08T15:25:50Z
78342786,bento-cds-interoperation,CCDI,CCDI-Hub,CBIIT/bento-cds-interoperation,ccdi-1.2.0,2026-03-01T05:00:00Z,0.9355,0.0,24,2,26,f5d8574d7d26f14cd7bb08aacd21849071c99e87,"Merge pull request #21 from CBIIT/security-fix-feb-2023

Security fix feb 2023",2026-03-19T15:14:19Z,https://github.com/CBIIT/bento-cds-interoperation/actions/runs/23301957226,2026-05-08T15:25:50Z
77669177,bento-cds-interoperation,CCDI,CCDI-Hub,CBIIT/bento-cds-interoperation,ccdi-1.2.0,2026-02-01T05:00:00Z,0.9355,,24,2,26,3bafc1eac13dd83ab78305cd7d2afd7f5a58d524,Add supertest library for testing framework to work,2026-02-05T15:03:10Z,https://github.com/CBIIT/bento-cds-interoperation/actions/runs/21716547830,2026-05-08T15:25:50Z
78146891,CCDI-Portal-ETL,CCDI,CCDI-Hub,CBIIT/CCDI-Portal-ETL,2.10.0,2026-05-01T04:00:00Z,0.4025,0.0,163,242,405,ca95f74893f43d4833d46847141ca7454f742c14,Updated RCI,2026-05-08T15:25:46Z,https://github.com/CBIIT/CCDI-Portal-ETL/actions/runs/22868687086,2026-05-08T15:25:50Z
78146891,CCDI-Portal-ETL,CCDI,CCDI-Hub,CBIIT/CCDI-Portal-ETL,2.10.0,2026-04-01T04:00:00Z,0.4025,0.0,163,242,405,ca95f74893f43d4833d46847141ca7454f742c14,Updated RCI,2026-05-01T03:59:59Z,https://github.com/CBIIT/CCDI-Portal-ETL/actions/runs/22868687086,2026-05-08T15:25:50Z
78146891,CCDI-Portal-ETL,CCDI,CCDI-Hub,CBIIT/CCDI-Portal-ETL,2.10.0,2026-03-01T05:00:00Z,0.4025,0.0,163,242,405,ca95f74893f43d4833d46847141ca7454f742c14,Updated RCI,2026-03-09T18:31:26Z,https://github.com/CBIIT/CCDI-Portal-ETL/actions/runs/22868687086,2026-05-08T15:25:50Z
77496414,CCDI-Portal-ETL,CCDI,CCDI-Hub,CBIIT/CCDI-Portal-ETL,main,2026-02-01T05:00:00Z,0.4025,0.0,163,242,405,841deb26d33b131f5900f95014e2e6fc70875fec,"Merge pull request #109 from CBIIT/2.10.0

Merge from 2.10.0 to main",2026-03-01T04:59:59Z,https://github.com/CBIIT/CCDI-Portal-ETL/actions/runs/21371823979,2026-05-08T15:25:50Z
77496414,CCDI-Portal-ETL,CCDI,CCDI-Hub,CBIIT/CCDI-Portal-ETL,main,2026-01-01T05:00:00Z,0.4025,,163,242,405,841deb26d33b131f5900f95014e2e6fc70875fec,"Merge pull request #109 from CBIIT/2.10.0

Merge from 2.10.0 to main",2026-01-26T19:55:00Z,https://github.com/CBIIT/CCDI-Portal-ETL/actions/runs/21371823979,2026-05-08T15:25:50Z
78692545,CCDI-Inventory-Dataloader,CCDI,CCDI-Hub,CBIIT/CCDI-Inventory-Dataloader,2.11.0_Opensearch_Loader,2026-05-01T04:00:00Z,0.0368,0.0,174,4551,4725,1a228dc406a868755530ca04b392372f5d1f12bc,"Merge pull request #59 from CBIIT/add-consent-group

Add consent group",2026-05-08T15:25:46Z,https://github.com/CBIIT/CCDI-Inventory-Dataloader/actions/runs/24099879649,2026-05-08T15:25:50Z
78692545,CCDI-Inventory-Dataloader,CCDI,CCDI-Hub,CBIIT/CCDI-Inventory-Dataloader,2.11.0_Opensearch_Loader,2026-04-01T04:00:00Z,0.0368,0.0,174,4551,4725,1a228dc406a868755530ca04b392372f5d1f12bc,"Merge pull request #59 from CBIIT/add-consent-group

Add consent group",2026-04-07T19:18:50Z,https://github.com/CBIIT/CCDI-Inventory-Dataloader/actions/runs/24099879649,2026-05-08T15:25:50Z
78554425,CCDI-Inventory-Dataloader,CCDI,CCDI-Hub,CBIIT/CCDI-Inventory-Dataloader,2.11.0_Opensearch_Loader,2026-03-01T05:00:00Z,0.0368,0.0,174,4551,4725,934f93c452a3bffe3ce4fe3c507aef49414e8240,"Merge pull request #58 from CBIIT/2.10.0_Opensearch_Loader

2.10.0 opensearch loader",2026-03-31T14:20:40Z,https://github.com/CBIIT/CCDI-Inventory-Dataloader/actions/runs/23802237098,2026-05-08T15:25:50Z
77809705,CCDI-Inventory-Dataloader,CCDI,CCDI-Hub,CBIIT/CCDI-Inventory-Dataloader,main,2026-02-01T05:00:00Z,0.0368,0.0,174,4551,4725,934f93c452a3bffe3ce4fe3c507aef49414e8240,"Merge pull request #58 from CBIIT/2.10.0_Opensearch_Loader

2.10.0 opensearch loader",2026-02-13T16:34:55Z,https://github.com/CBIIT/CCDI-Inventory-Dataloader/actions/runs/21994595390,2026-05-08T15:25:50Z
77496699,CCDI-Inventory-Dataloader,CCDI,CCDI-Hub,CBIIT/CCDI-Inventory-Dataloader,main,2026-01-01T05:00:00Z,0.0368,,174,4551,4725,ca90fdb4fee589d2ad52282f0557ec5ce100dddc,Add coveralls report support,2026-01-26T20:11:11Z,https://github.com/CBIIT/CCDI-Inventory-Dataloader/actions/runs/21372295030,2026-05-08T15:25:50Z
79068945,bento-mdf,CCDI,MDB,CBIIT/bento-mdf,v0.13.1,2026-05-01T04:00:00Z,0.8517,0.0,1177,205,1382,c54b177bc526fb08e65a8abe6933da387c74c158,"Merge pull request #73 from CBIIT/DATATEAM-533/enhance-reln-req-attr

feat(DATATEAM-533): support per-End Req attribute on relationships",2026-05-08T15:25:46Z,https://github.com/CBIIT/bento-mdf/actions/runs/24856037610,2026-05-08T15:25:50Z
79068945,bento-mdf,CCDI,MDB,CBIIT/bento-mdf,v0.13.1,2026-04-01T04:00:00Z,0.8517,0.0016,1177,205,1382,c54b177bc526fb08e65a8abe6933da387c74c158,"Merge pull request #73 from CBIIT/DATATEAM-533/enhance-reln-req-attr

feat(DATATEAM-533): support per-End Req attribute on relationships",2026-04-23T20:02:44Z,https://github.com/CBIIT/bento-mdf/actions/runs/24856037610,2026-05-08T15:25:50Z
77808385,bento-mdf,CCDI,MDB,CBIIT/bento-mdf,unit_test_coverage_report,2026-03-01T05:00:00Z,0.8501,0.0,1168,206,1374,70b87a0469049ac8954c5725ba5028ddf1871087,Merge 698e60f12b83b935250849fe095b3d19b258bfb0 into 49449c3e3a1c51f59beb2f2f7bc57f54bb0caab8,2026-04-01T03:59:59Z,https://github.com/CBIIT/bento-mdf/actions/runs/21992179111,2026-05-08T15:25:50Z
77808385,bento-mdf,CCDI,MDB,CBIIT/bento-mdf,unit_test_coverage_report,2026-02-01T05:00:00Z,0.8501,-0.0022,1168,206,1374,70b87a0469049ac8954c5725ba5028ddf1871087,Merge 698e60f12b83b935250849fe095b3d19b258bfb0 into 49449c3e3a1c51f59beb2f2f7bc57f54bb0caab8,2026-02-13T15:22:11Z,https://github.com/CBIIT/bento-mdf/actions/runs/21992179111,2026-05-08T15:25:50Z
77514025,bento-mdf,CCDI,MDB,CBIIT/bento-mdf,unit_test_coverage_report,2026-01-01T05:00:00Z,0.8523,,1096,190,1286,767041e1cf21a3d6a33b1f5d9d417852e0c1889a,Merge 90c12cab4b953b03f7ccf37fa74c92c846a74113 into c8b58f5e493bf286d220451430f4a71e27cbd392,2026-01-27T16:05:20Z,https://github.com/CBIIT/bento-mdf/actions/runs/21404451844,2026-05-08T15:25:50Z
79047240,bento-meta,CCDI,MDB,CBIIT/bento-meta,master,2026-05-01T04:00:00Z,0.5708,0.0,1310,985,2295,07659d3590c0d7eca5c775101a906282135acaf1,bump test-build w/v to 3.1.2,2026-05-08T15:25:46Z,https://github.com/CBIIT/bento-meta/actions/runs/24806043331,2026-05-08T15:25:50Z
79047240,bento-meta,CCDI,MDB,CBIIT/bento-meta,master,2026-04-01T04:00:00Z,0.5708,0.0,1310,985,2295,07659d3590c0d7eca5c775101a906282135acaf1,bump test-build w/v to 3.1.2,2026-04-22T22:33:54Z,https://github.com/CBIIT/bento-meta/actions/runs/24806043331,2026-05-08T15:25:50Z
77808102,bento-meta,CCDI,MDB,CBIIT/bento-meta,enable-coverall-report,2026-03-01T05:00:00Z,0.5708,0.0,1310,985,2295,9c8b61f9beafd662efb2b412c0f6c398a5573635,Merge 44d099253a38b6ebd2571c76c3ea07593ca43452 into fab74cae536f1f26399ec3628aefb0ecefc46500,2026-04-01T03:59:59Z,https://github.com/CBIIT/bento-meta/actions/runs/21991601158,2026-05-08T15:25:50Z
77808102,bento-meta,CCDI,MDB,CBIIT/bento-meta,enable-coverall-report,2026-02-01T05:00:00Z,0.5708,0.0,1310,985,2295,9c8b61f9beafd662efb2b412c0f6c398a5573635,Merge 44d099253a38b6ebd2571c76c3ea07593ca43452 into fab74cae536f1f26399ec3628aefb0ecefc46500,2026-02-13T15:05:54Z,https://github.com/CBIIT/bento-meta/actions/runs/21991601158,2026-05-08T15:25:50Z
77514089,bento-meta,CCDI,MDB,CBIIT/bento-meta,enable-coverall-report,2026-01-01T05:00:00Z,0.5708,,1310,985,2295,59f9d7f6435db8907fc77c9318dff15780145854,Merge 0599107e8a6e479956d7dd3881a30e0abe838059 into fab74cae536f1f26399ec3628aefb0ecefc46500,2026-01-27T16:08:19Z,https://github.com/CBIIT/bento-meta/actions/runs/21404505971,2026-05-08T15:25:50Z
79347165,bento-mdb,CCDI,MDB,CBIIT/bento-mdb,twist-lock-automation,2026-05-01T04:00:00Z,0.4861,-0.095,1035,1094,2129,8354f7573423f398f8164db007b4dc1833208a2c,test,2026-05-08T14:29:35Z,https://github.com/CBIIT/bento-mdb/actions/runs/25561135737,2026-05-08T15:25:50Z
79199610,bento-mdb,CCDI,MDB,CBIIT/bento-mdb,DATATEAM-542,2026-04-01T04:00:00Z,0.5811,0.0,1035,746,1781,dac8e405dbe2f3cbd00b8bbe38523d8318aa1ed1,"DATATEAM-542
Fixed the re-trial logic in clearing cache.",2026-04-30T15:44:40Z,https://github.com/CBIIT/bento-mdb/actions/runs/25174907956,2026-05-08T15:25:50Z
78470760,bento-mdb,CCDI,MDB,CBIIT/bento-mdb,DATATEAM-479,2026-03-01T05:00:00Z,0.5811,0.0828,1035,746,1781,01d73d6a013ae00ea3c29690d91e92f0e3f50f39,Merge 8ccf3291eed076e0f85d4ee766136d2ed1645b1b into 1b762957f95349d70500365383a05b9241021a5c,2026-03-26T15:36:32Z,https://github.com/CBIIT/bento-mdb/actions/runs/23603140029,2026-05-08T15:25:50Z
77983515,bento-mdb,CCDI,MDB,CBIIT/bento-mdb,DATATEAM-453,2026-02-01T05:00:00Z,0.4983,-0.0121,885,891,1776,4fa24260e84b1ccfdd47f5ffb8cd2e418349c2a5,updated sha.,2026-02-27T20:24:57Z,https://github.com/CBIIT/bento-mdb/actions/runs/22502468293,2026-05-08T15:25:50Z
77513699,bento-mdb,CCDI,MDB,CBIIT/bento-mdb,unit_test_coverage_report,2026-01-01T05:00:00Z,0.5104,,811,778,1589,a11cf8ceb900dbf0cc87ec6aab7085c2bb6b3ccb,Merge 4fcbe82963924bc237d765bf82366f83ffd7f90a into 103e79100d4938c6ef75a0e197f9a9918e79a630,2026-01-27T15:51:02Z,https://github.com/CBIIT/bento-mdb/actions/runs/21403938013,2026-05-08T15:25:50Z
77975111,bento-sts,CCDI,MDB,CBIIT/bento-sts,dependabot/pip/python/werkzeug-3.1.6,2026-05-01T04:00:00Z,0.325,0.0,481,999,1480,8c7348412e8c6ec5887583fda1da651647f0f5f9,Merge bfea2d7875859a85188a327410ad2ef358cadf57 into 83b76e5858931a38365a1087113cfa735bdf347f,2026-05-08T15:25:46Z,https://github.com/CBIIT/bento-sts/actions/runs/22363787308,2026-05-08T15:25:50Z
77975111,bento-sts,CCDI,MDB,CBIIT/bento-sts,dependabot/pip/python/werkzeug-3.1.6,2026-04-01T04:00:00Z,0.325,0.0,481,999,1480,8c7348412e8c6ec5887583fda1da651647f0f5f9,Merge bfea2d7875859a85188a327410ad2ef358cadf57 into 83b76e5858931a38365a1087113cfa735bdf347f,2026-05-01T03:59:59Z,https://github.com/CBIIT/bento-sts/actions/runs/22363787308,2026-05-08T15:25:50Z
77975111,bento-sts,CCDI,MDB,CBIIT/bento-sts,dependabot/pip/python/werkzeug-3.1.6,2026-03-01T05:00:00Z,0.325,0.0,481,999,1480,8c7348412e8c6ec5887583fda1da651647f0f5f9,Merge bfea2d7875859a85188a327410ad2ef358cadf57 into 83b76e5858931a38365a1087113cfa735bdf347f,2026-04-01T03:59:59Z,https://github.com/CBIIT/bento-sts/actions/runs/22363787308,2026-05-08T15:25:50Z
77975111,bento-sts,CCDI,MDB,CBIIT/bento-sts,dependabot/pip/python/werkzeug-3.1.6,2026-02-01T05:00:00Z,0.325,0.0,481,999,1480,8c7348412e8c6ec5887583fda1da651647f0f5f9,Merge bfea2d7875859a85188a327410ad2ef358cadf57 into 83b76e5858931a38365a1087113cfa735bdf347f,2026-02-24T18:08:44Z,https://github.com/CBIIT/bento-sts/actions/runs/22363787308,2026-05-08T15:25:50Z
77515883,bento-sts,CCDI,MDB,CBIIT/bento-sts,enable_coverall_report,2026-01-01T05:00:00Z,0.325,,481,999,1480,a9bea6d6fc6990e2c91808b90eaa415c4d1d16f8,Merge 6a031e61a374200968236a57fd0a49850dcfd6cb into 226d5b3378dc45f72c5fc56e45619cc7b18fa5cb,2026-01-27T17:33:53Z,https://github.com/CBIIT/bento-sts/actions/runs/21407496060,2026-05-08T15:25:50Z
79198755,bento-sts-fastapi,CCDI,MDB,CBIIT/bento-sts-fastapi,DATATEAM-542-FEAT,2026-05-01T04:00:00Z,0.8952,0.0,427,50,477,845a9d73aa7a8a6310a70aabaf87328aa7c9b43a,Merge 82aec70efa6578749d8aba263773c6c751ca6d0e into b198ecc340717df708e695231076dfcf711d95f1,2026-05-08T15:25:50Z,https://github.com/CBIIT/bento-sts-fastapi/actions/runs/25173342166,2026-05-08T15:25:50Z
79198755,bento-sts-fastapi,CCDI,MDB,CBIIT/bento-sts-fastapi,DATATEAM-542-FEAT,2026-04-01T04:00:00Z,0.8952,0.0073,427,50,477,845a9d73aa7a8a6310a70aabaf87328aa7c9b43a,Merge 82aec70efa6578749d8aba263773c6c751ca6d0e into b198ecc340717df708e695231076dfcf711d95f1,2026-04-30T15:13:35Z,https://github.com/CBIIT/bento-sts-fastapi/actions/runs/25173342166,2026-05-08T15:25:50Z
78558693,bento-sts-fastapi,CCDI,MDB,CBIIT/bento-sts-fastapi,DATATEAM-325,2026-03-01T05:00:00Z,0.8879,0.0,396,50,446,43509991e669fde8ed975bdedeb81d7d29775683,Merge 1090dde723f87cf5b566ed642cada75f9b3409d3 into cf309ed762737dfb31ee8572d6d0eb8b5116bb94,2026-03-31T17:20:50Z,https://github.com/CBIIT/bento-sts-fastapi/actions/runs/23810349303,2026-05-08T15:25:50Z
77794017,bento-sts-fastapi,CCDI,MDB,CBIIT/bento-sts-fastapi,main,2026-02-01T05:00:00Z,0.8879,-0.0025,396,50,446,3e3d0395b4245545b8038307c526536bf3031d2d,fixed the security issue. (#62),2026-02-12T20:32:06Z,https://github.com/CBIIT/bento-sts-fastapi/actions/runs/21963154832,2026-05-08T15:25:50Z
77559629,bento-sts-fastapi,CCDI,MDB,CBIIT/bento-sts-fastapi,DATATEAM-361-001,2026-01-01T05:00:00Z,0.8904,,406,50,456,2b181c59bfc9076765d230228263d47a2b64d7ff,Merge 16e5c19000f617ba76bc25f3854fdc588b3baf09 into 0e5def02e871d77aae6cd67967553201453d34ad,2026-01-29T19:07:11Z,https://github.com/CBIIT/bento-sts-fastapi/actions/runs/21491173627,2026-05-08T15:25:50Z
